feature,importance_mean,importance_std
category,0.3105564302200267,0.02208683439611244
amt,0.24518120175341176,0.01887707252293674
amount_log,0.16197418066213357,0.028342377305688796
transaction_hour,0.09057375932342555,0.027708473488144026
job,0.03750420866238002,0.007294965282110622
unix_time,0.03416471028520544,0.0043654314226499085
customer_age,0.03273556459261492,0.003832559573253155
transaction_day_of_week,0.029808879388500336,0.0058275732230468015
state,0.025027224842468037,0.006108090711951401
city_pop,0.025020397768337532,0.003543624174820504
transaction_month,0.016045630384031284,0.0018616204377101286
city,0.01575593552183045,0.0019615954161038155
lat,0.011866367002031067,0.00512802023654776
transaction_day,0.007686234068171964,0.007659074345059078
gender,0.0061545755784547795,0.0018177293749362584
merch_lat,0.0030689143921705706,0.006429429775741749
merchant_distance,0.0014649011493841717,0.0006198430727502786
long,0.0014242781438660312,0.001000747689481421
zip,0.0010221069433394847,0.004230679478606338
is_weekend,0.0009048964918611698,0.000506175767945311
merch_long,-0.0011251210051728133,0.003359679225905267
merchant,-0.007195173572095463,0.00021018278126197333
