method,parameters,number_of_clusters,noise_points,silhouette_score,inertia
kmeans,k=2,2,0,0.15538772670367668,5479630.527500578
kmeans,k=3,3,0,0.1519053688781108,5001582.020530181
kmeans,k=4,4,0,0.134595874932693,4622383.083308868
kmeans,k=5,5,0,0.1344616900020959,4337433.5996561665
kmeans,k=6,6,0,0.11176525126667948,4174450.977942937
kmeans,k=7,7,0,0.11103869841247539,4025603.4035862293
kmeans,k=8,8,0,0.11128633310673951,3900587.730065632
dbscan,"eps=0.5, min_samples=5",0,20000,,
dbscan,"eps=1.0, min_samples=10",2,19979,0.6375976618277222,
