Model,Fold,Precision,Recall,F1,PR-AUC,ROC-AUC
Logistic Regression,1,0.8571428571428571,0.3041958041958042,0.44903225806451613,0.5253102750980521,0.9472101161269295
Balanced Logistic Regression,1,0.07808695652173914,0.784965034965035,0.1420436570705473,0.2553179259956912,0.9758304018160406
Random Forest,1,0.9866220735785953,0.5157342657342657,0.677382319173364,0.8308351761669905,0.9873576362669981
Decision Tree (depth 6),1,0.9364161849710982,0.5664335664335665,0.7058823529411765,0.6197163136649165,0.8369351460421437
Decision Tree (depth 9),1,0.9148936170212766,0.6013986013986014,0.7257383966244726,0.6108209829176182,0.8272438483139947
Decision Tree (depth 12),1,0.9194805194805195,0.6188811188811189,0.7398119122257053,0.5917439201968864,0.8004179603082191
Logistic Regression,2,0.8415841584158416,0.2972027972027972,0.4392764857881137,0.5087673702442963,0.9580001999084778
Balanced Logistic Regression,2,0.08321403006442377,0.8129370629370629,0.15097402597402598,0.23863873034520275,0.9761190966600127
Random Forest,2,0.967948717948718,0.527972027972028,0.6832579185520362,0.8253267474798115,0.9800687516994588
Decision Tree (depth 6),2,0.9159891598915989,0.5909090909090909,0.718384697130712,0.6454660778175584,0.8624255376448507
Decision Tree (depth 9),2,0.90625,0.6083916083916084,0.7280334728033473,0.6538608058659643,0.858343555746516
Decision Tree (depth 12),2,0.8792270531400966,0.6363636363636364,0.7383367139959433,0.5915479971660145,0.8770246121917644
Logistic Regression,3,0.8597285067873304,0.3321678321678322,0.4791929382093317,0.5130215737958429,0.9590387359407608
Balanced Logistic Regression,3,0.08230809218506324,0.8304195804195804,0.14977140154501026,0.27661625835194514,0.9788812553124735
Random Forest,3,0.9902597402597403,0.5332167832167832,0.6931818181818182,0.8434485209831238,0.9880797604227515
Decision Tree (depth 6),3,0.9057591623036649,0.6048951048951049,0.7253668763102725,0.6532930479828266,0.8616199626926565
Decision Tree (depth 9),3,0.8957816377171216,0.6311188811188811,0.7405128205128205,0.629570248402703,0.8447971713421961
Decision Tree (depth 12),3,0.8905109489051095,0.6398601398601399,0.7446592065106816,0.5898056537638859,0.8196160527974182
